{"cameraMode":{"drawMode":0,"name":"Shaded","section":"Shading Mode"},"sceneLighting":false,"audioPlay":false,"sceneViewState":{"showFog":true,"showMaterialUpdate":false,"showSkybox":false,"showFlares":true,"showImageEffects":true,"showParticleSystems":true},"in2DMode":false,"pivot":{"x":4.001923561096191,"y":-0.39627933502197268,"z":-3.5487754344940187},"rotation":{"x":-0.253450870513916,"y":-0.6405024528503418,"z":0.23694121837615968,"w":-0.6851640343666077},"size":8.909337043762207,"orthographic":false}