{"cameraMode":{"drawMode":0,"name":"Shaded","section":"Shading Mode"},"sceneLighting":false,"audioPlay":false,"sceneViewState":{"showFog":true,"showMaterialUpdate":false,"showSkybox":false,"showFlares":true,"showImageEffects":true,"showParticleSystems":true},"in2DMode":false,"pivot":{"x":-67.76744079589844,"y":-18.93759536743164,"z":26.620325088500978},"rotation":{"x":0.24686187505722047,"y":0.6306291222572327,"z":-0.22197826206684113,"w":0.7015189528465271},"size":0.5196161270141602,"orthographic":false}