{"cameraMode":{"drawMode":0,"name":"Shaded","section":"Shading Mode"},"sceneLighting":false,"audioPlay":false,"sceneViewState":{"showFog":true,"showMaterialUpdate":false,"showSkybox":false,"showFlares":true,"showImageEffects":true,"showParticleSystems":true},"in2DMode":false,"pivot":{"x":1.3682644367218018,"y":0.7601638436317444,"z":0.9316662549972534},"rotation":{"x":0.10640435665845871,"y":-0.8376843929290772,"z":0.17619119584560395,"w":0.5058883428573608},"size":10.0,"orthographic":false}