{"cameraMode":{"drawMode":0,"name":"Shaded","section":"Shading Mode"},"sceneLighting":true,"audioPlay":false,"sceneViewState":{"showFog":true,"showMaterialUpdate":false,"showSkybox":true,"showFlares":true,"showImageEffects":true,"showParticleSystems":true},"in2DMode":false,"pivot":{"x":-0.6495192050933838,"y":7.790835380554199,"z":-0.8201675415039063},"rotation":{"x":-0.041727155447006229,"y":-0.11130034923553467,"z":-0.004671875853091478,"w":0.9929074645042419},"size":10.0,"orthographic":false}