{"cameraMode":{"drawMode":0,"name":"Shaded","section":"Shading Mode"},"sceneLighting":false,"audioPlay":false,"sceneViewState":{"showFog":true,"showMaterialUpdate":false,"showSkybox":false,"showFlares":true,"showImageEffects":true,"showParticleSystems":true},"in2DMode":false,"pivot":{"x":5.025655746459961,"y":17.290515899658204,"z":-2.0636777877807619},"rotation":{"x":0.04688791558146477,"y":-0.47809815406799319,"z":0.025509657338261606,"w":0.8767071962356567},"size":9.899160385131836,"orthographic":false}