{"cameraMode":{"drawMode":0,"name":"Shaded","section":"Shading Mode"},"sceneLighting":false,"audioPlay":false,"sceneViewState":{"showFog":true,"showMaterialUpdate":false,"showSkybox":false,"showFlares":true,"showImageEffects":true,"showParticleSystems":true},"in2DMode":false,"pivot":{"x":0.40509915351867678,"y":1.799715518951416,"z":2.4782776832580568},"rotation":{"x":0.33809351921081545,"y":-0.5005651712417603,"z":0.22102762758731843,"w":0.7656869292259216},"size":11.367568969726563,"orthographic":false}